{
    "N": 20,
    "R": [
        0.00001,
        0.00001,
        0.00001,
        0.00001,
        0.00001,
        0.00001
    ],
    "Q": [
        100,
        150000
    ],
    "P": [
        100,
        150000
    ],
    "ulb": [
        -0.1,
        -0.1,
        -0.1,
        -0.1,
        -0.1,
        -0.1
    ],
    "uub": [
        0.1,
        0.1,
        0.1,
        0.1,
        0.1,
        0.1
    ],
    "xlb": [
        -10,
        -10,
        -10,
        -1,
        -1,
        -1,
        -1,
        -1,
        -1,
        -1,
        -1,
        -1,
        -1
    ],
    "xub": [
        10,
        10,
        10,
        1,
        1,
        1,
        1,
        1,
        1,
        1,
        1,
        1,
        1
    ]
}